num_pins,cpu_extract_ms,gpu_extract_ms,cpu_update_ms,gpu_update_ms,speedup_update,speedup_total
53,0.0595,6.0432,0.3864,4.0805,0.09469427766205123,0.0440451613540504
106,0.1086,6.0853,0.758,4.1422,0.18299454396214573,0.08473233928134931
212,0.2163,6.1705,1.5184,4.2948,0.35354382043401317,0.1657573122605181
424,0.4289,6.3413,3.0699,4.5619,0.6729432911725378,0.320896617506787
848,0.8537,6.6796,6.0567,5.1705,1.1713954163040325,0.583151197036312
1696,1.6999,7.359,12.1895,6.2784,1.9414978338430173,1.0184785956267324
3392,3.41,8.7175,24.1838,8.4862,2.8497796422427,1.6039456628515962
6784,6.8042,11.4331,48.4891,13.4313,3.6101568723801867,2.2237938578851693
13568,13.6247,16.8628,96.5029,22.2486,4.3374819089740475,2.8157417019078834
